"(0, 0, 0)","(0, 0, 128)","(0, 0, 255)","(0, 128, 0)","(0, 128, 128)","(0, 128, 255)","(0, 255, 0)","(0, 255, 128)","(0, 255, 255)","(128, 0, 0)","(128, 0, 128)","(128, 0, 255)","(128, 128, 0)","(128, 128, 128)","(128, 128, 255)","(128, 255, 0)","(128, 255, 128)","(128, 255, 255)","(255, 0, 0)","(255, 0, 128)","(255, 0, 255)","(255, 128, 0)","(255, 128, 128)","(255, 128, 255)","(255, 255, 0)","(255, 255, 128)","(255, 255, 255)",end_frame,end_time,img_path,length,middle_frame,start_frame,start_time,filename,object_id_00,object_id_01,object_id_02,object_id_03,object_id_04,object_id_05,object_id_06,object_id_07,object_id_08,object_id_09,object_id_10,object_id_11,object_id_12,object_id_13,object_id_14,object_id_15,object_id_16,object_id_17,object_id_18,object_id_19,object_id_20,object_id_21,object_id_22,object_id_23,object_id_24,object_id_25,object_id_26,object_id_27,object_id_28,object_id_29,object_id_30,object_id_31,object_id_32,object_id_33,object_id_34,object_id_35,object_id_36,object_id_37,object_id_38,object_id_39,object_id_40,object_id_41,object_id_42,object_id_43,object_id_44,object_id_45,object_id_46,object_id_47,object_id_48,object_id_49,object_id_50,object_id_51,object_id_52,object_id_53,object_id_54,object_id_55,object_id_56,object_id_57,object_id_58,object_id_59,object_id_60,object_id_61,object_id_62,object_id_63,object_id_64,object_id_65,object_id_66,object_id_67,object_id_68,object_id_69,object_id_70,object_id_71,object_id_72,object_id_73,object_id_74,object_id_75,object_id_76,object_id_77,object_id_78,object_id_79,object_labels
3106.6419351208947,4322.25748296039,2029.6449090149172,4513.540552126198,5729.156099965667,3436.5435260202707,2104.327867798352,3319.9434156378866,1027.3308416923896,4339.180019718806,5554.795567558306,3262.1829936128593,5746.07863672409,6961.6941845636065,4669.081610618138,3336.8659523962824,4552.481500235768,2259.8689262902953,2079.3110934284978,3294.926641268035,1002.314067322532,3486.2097104338454,4701.8252582733085,2409.2126843278566,1076.9970261059673,2292.6125739454747,0.0,563.0,18.785433333333334,temp_imgs\Paddle_Together\0000.png,00:00:18.785,281.0,0.0,0.0,C:\Users\Simon\git\Machine-Learning-And-Art\dataset_generator\temp_imgs\Paddle_Together\0000.png,0.0,0.0,0.0,0.0,0.0,0.0,0.0,0.0,1.0,0.0,0.0,0.0,0.0,0.0,0.0,0.0,0.0,0.0,0.0,0.0,0.0,0.0,0.0,0.0,0.0,0.0,0.0,0.0,0.0,0.0,0.0,0.0,0.0,0.0,0.0,0.0,0.0,0.0,0.0,0.0,0.0,0.0,0.0,0.0,0.0,0.0,0.0,0.0,0.0,0.0,0.0,0.0,0.0,0.0,0.0,0.0,0.0,0.0,0.0,0.0,0.0,0.0,0.0,0.0,0.0,0.0,0.0,0.0,0.0,0.0,0.0,0.0,0.0,0.0,0.0,0.0,0.0,0.0,0.0,0.0,['boat']
2853.2628038194334,4336.896556712963,2349.7132148062287,3433.2911790552125,4916.924931948744,2929.7415900420096,2593.578202696324,4077.2119555898726,2090.028613683112,3322.1636070387895,4805.797359932252,2818.614018025587,3902.191982274521,5385.825735168046,3398.642393261318,3062.4790059156417,4546.112758809142,2558.929416902435,2721.0243189514968,4204.658071845007,2217.474729938279,3301.0526941872486,4784.6864470807695,2797.503105174041,2461.3397178283667,3944.9734707218668,1957.790128815159,830.0,27.694333333333333,temp_imgs\Paddle_Together\0001.png,00:00:08.909,696.0,563.0,18.785433333333334,C:\Users\Simon\git\Machine-Learning-And-Art\dataset_generator\temp_imgs\Paddle_Together\0001.png,1.0,0.0,0.0,0.0,0.0,0.0,0.0,0.0,0.0,0.0,0.0,0.0,0.0,0.0,0.0,0.0,0.0,0.0,0.0,0.0,0.0,0.0,0.0,0.0,0.0,0.0,0.0,0.0,0.0,0.0,0.0,0.0,0.0,0.0,0.0,0.0,0.0,0.0,0.0,0.0,0.0,0.0,0.0,0.0,0.0,0.0,0.0,0.0,0.0,0.0,0.0,0.0,0.0,0.0,0.0,0.0,0.0,0.0,0.0,0.0,0.0,0.0,0.0,0.0,0.0,0.0,0.0,0.0,0.0,0.0,0.0,0.0,0.0,0.0,0.0,0.0,0.0,0.0,0.0,0.0,['person']
4234.794431584363,4173.377430019756,3283.1784523962583,4628.3877931027155,4566.970791538059,3676.771813914592,3626.0511268647247,3564.6341253000865,2674.435147676635,4330.254514424731,4268.837512860091,3378.6385352366237,4723.847875943069,4662.430874378423,3772.2318967549736,3721.511209705078,3660.0942081404387,2769.8952305169796,3501.0547598379835,3439.6377582733426,2549.4387806498676,3894.6481213563197,3833.231119791669,2943.0321421682033,2892.311455118332,2830.8944535536775,1940.6954759302062,914.0,30.497133333333334,temp_imgs\Paddle_Together\0002.png,00:00:02.803,872.0,830.0,27.694333333333333,C:\Users\Simon\git\Machine-Learning-And-Art\dataset_generator\temp_imgs\Paddle_Together\0002.png,5.0,0.0,0.0,0.0,0.0,0.0,0.0,0.0,0.0,0.0,0.0,0.0,0.0,0.0,0.0,0.0,0.0,0.0,0.0,0.0,0.0,0.0,0.0,0.0,0.0,0.0,0.0,0.0,0.0,0.0,0.0,0.0,0.0,0.0,0.0,0.0,0.0,1.0,0.0,0.0,0.0,0.0,0.0,0.0,0.0,0.0,0.0,0.0,0.0,0.0,0.0,0.0,0.0,0.0,0.0,0.0,0.0,0.0,0.0,0.0,0.0,0.0,0.0,0.0,0.0,0.0,0.0,0.0,0.0,0.0,0.0,0.0,0.0,0.0,0.0,0.0,0.0,0.0,0.0,0.0,"['surfboard', 'person']"
4377.555831511485,3773.1218841092395,2985.7734616126572,5163.320258916298,4558.886311514066,3771.5378890174825,3707.4917186428256,3103.0577712405766,2315.7093487440006,4475.486920224634,3871.0529728223732,3083.704550325803,5261.251347629435,4656.817400227201,3869.468977730619,3805.4228073559766,3200.9888599537044,2413.6404374571375,3317.2927410193797,2712.8587936171316,1925.510371120533,4103.057168424223,3498.6232210219514,2711.27479852538,2647.2286281507204,2042.7946807484525,1255.4462582518865,989.0,32.999633333333335,temp_imgs\Paddle_Together\0003.png,00:00:02.502,951.0,914.0,30.497133333333334,C:\Users\Simon\git\Machine-Learning-And-Art\dataset_generator\temp_imgs\Paddle_Together\0003.png,9.0,0.0,0.0,0.0,0.0,0.0,0.0,0.0,0.0,0.0,0.0,0.0,0.0,0.0,0.0,0.0,0.0,0.0,0.0,0.0,0.0,0.0,0.0,0.0,4.0,0.0,1.0,0.0,0.0,0.0,0.0,0.0,0.0,0.0,0.0,0.0,0.0,0.0,0.0,0.0,0.0,0.0,0.0,0.0,0.0,0.0,0.0,0.0,0.0,0.0,0.0,0.0,0.0,0.0,0.0,0.0,0.0,0.0,0.0,0.0,0.0,0.0,0.0,0.0,0.0,0.0,0.0,0.0,0.0,0.0,0.0,0.0,0.0,0.0,0.0,0.0,0.0,0.0,0.0,0.0,"['handbag', 'backpack', 'person']"
2767.732076260291,3782.818305791346,2113.109179419585,3670.3857328103686,4685.47196234141,3015.7628359696587,2516.178436321174,3531.2646658522203,1861.555539480465,3486.8549114797693,4501.941141010794,2832.232014639062,4389.508568029841,5404.594797560894,3734.885671189156,3235.3012715406517,4250.387501071701,2580.678374699936,2507.936822166499,3523.023051697562,1853.3139253257928,3410.590478716587,4425.67670824761,2755.9675818758747,2256.38318222737,3271.4694117584254,1601.7602853866588,1064.0,35.50213333333333,temp_imgs\Paddle_Together\0004.png,00:00:02.502,1026.0,989.0,32.999633333333335,C:\Users\Simon\git\Machine-Learning-And-Art\dataset_generator\temp_imgs\Paddle_Together\0004.png,1.0,0.0,0.0,0.0,0.0,0.0,0.0,0.0,0.0,0.0,0.0,0.0,0.0,0.0,0.0,0.0,0.0,0.0,0.0,0.0,0.0,0.0,0.0,0.0,0.0,0.0,0.0,0.0,0.0,0.0,0.0,0.0,0.0,0.0,0.0,0.0,0.0,0.0,0.0,0.0,0.0,0.0,0.0,0.0,0.0,0.0,0.0,0.0,0.0,0.0,0.0,0.0,0.0,0.0,0.0,0.0,0.0,0.0,0.0,0.0,0.0,0.0,0.0,0.0,0.0,0.0,0.0,0.0,0.0,0.0,0.0,0.0,0.0,0.0,0.0,0.0,0.0,0.0,0.0,0.0,['person']
2086.243240419236,2060.3753402563448,2919.3819578403222,2834.6103073559766,2808.74240719308,3667.7490247770893,3464.1963627401055,3438.328462577219,4297.335080161105,2575.0734578618103,2549.2055576989155,3408.2121752829203,3323.4405247985387,3297.5726246356317,4156.5792422196255,3953.026580182662,3927.1586800197497,4786.165297603631,3227.5018245241936,3201.633924361317,4060.6405419453317,3975.868891460947,3950.000991298025,4809.007608882038,4605.454946845015,4579.587046682096,5438.593664266031,1233.0,41.1411,temp_imgs\Paddle_Together\0005.png,00:00:05.639,1148.0,1064.0,35.50213333333333,C:\Users\Simon\git\Machine-Learning-And-Art\dataset_generator\temp_imgs\Paddle_Together\0005.png,1.0,0.0,0.0,0.0,0.0,0.0,0.0,0.0,0.0,0.0,0.0,0.0,0.0,0.0,0.0,0.0,0.0,0.0,0.0,0.0,0.0,0.0,0.0,0.0,0.0,0.0,0.0,0.0,0.0,0.0,0.0,0.0,0.0,0.0,0.0,0.0,0.0,0.0,0.0,0.0,0.0,0.0,0.0,0.0,0.0,0.0,0.0,0.0,0.0,0.0,0.0,0.0,0.0,0.0,0.0,0.0,0.0,0.0,0.0,0.0,0.0,0.0,0.0,0.0,0.0,0.0,0.0,0.0,0.0,0.0,0.0,0.0,0.0,0.0,0.0,0.0,0.0,0.0,0.0,0.0,['person']
2050.067491319443,2507.0537953317908,3034.6983935613735,2547.9823093492846,3004.968613361621,3532.6132115912183,3370.3157364540766,3827.302040466411,4354.9466386959875,2273.2184606481437,2730.204764660489,3257.8493628900846,2771.1332786779785,3228.1195826903277,3755.764180919914,3593.466705782791,4050.4530097951083,4578.097608024662,3185.9593326689273,3642.945636681253,4170.59023491086,3683.8741506987662,4140.860454711091,4668.505052940668,4506.207577803514,4963.193881815858,5490.838480045419,1320.0,44.044000000000004,temp_imgs\Paddle_Together\0006.png,00:00:02.903,1276.0,1233.0,41.1411,C:\Users\Simon\git\Machine-Learning-And-Art\dataset_generator\temp_imgs\Paddle_Together\0006.png,5.0,0.0,0.0,0.0,0.0,0.0,0.0,0.0,0.0,0.0,0.0,0.0,0.0,0.0,0.0,0.0,0.0,0.0,0.0,0.0,0.0,0.0,0.0,0.0,0.0,0.0,0.0,0.0,0.0,0.0,0.0,0.0,0.0,0.0,0.0,0.0,0.0,0.0,0.0,0.0,0.0,0.0,0.0,0.0,0.0,0.0,0.0,0.0,0.0,0.0,0.0,0.0,0.0,0.0,0.0,0.0,0.0,0.0,0.0,0.0,0.0,0.0,0.0,0.0,0.0,0.0,0.0,0.0,0.0,0.0,0.0,0.0,0.0,0.0,0.0,0.0,0.0,0.0,0.0,0.0,['person']
3866.8116292652503,4477.618109139255,2909.5669447659334,4040.318579068093,4651.125058942055,3083.073894568787,3146.3139038923287,3757.1203837663256,2189.0692193930026,4179.624997320835,4790.431477194814,3222.3803128215022,4353.131947123616,4963.938426997603,3395.887262624318,3459.127271947863,4069.9337518218513,2501.8825874485547,3126.9474478095067,3737.753927683516,2169.7027633101675,3300.454397612314,3911.2608774862747,2343.2097131130045,2406.449722436548,3017.256202310538,1449.2050379372445,1438.0,47.98126666666667,temp_imgs\Paddle_Together\0007.png,00:00:03.937,1379.0,1320.0,44.044000000000004,C:\Users\Simon\git\Machine-Learning-And-Art\dataset_generator\temp_imgs\Paddle_Together\0007.png,2.0,0.0,0.0,0.0,0.0,0.0,0.0,0.0,0.0,0.0,0.0,0.0,0.0,0.0,0.0,0.0,0.0,0.0,0.0,0.0,0.0,0.0,0.0,0.0,0.0,0.0,0.0,0.0,0.0,0.0,0.0,0.0,0.0,0.0,0.0,0.0,0.0,0.0,0.0,0.0,0.0,0.0,0.0,0.0,0.0,0.0,0.0,0.0,0.0,0.0,0.0,0.0,0.0,0.0,0.0,0.0,0.0,0.0,0.0,0.0,0.0,0.0,0.0,0.0,0.0,0.0,0.0,0.0,0.0,0.0,0.0,0.0,0.0,0.0,0.0,0.0,0.0,0.0,0.0,0.0,['person']
3169.220287851508,3695.768542631174,2535.5099585262287,3958.118612825801,4484.666867605438,3324.4082835005374,3099.048335155192,3625.596589934849,2465.338005829902,3562.2913076560408,4088.8395624356954,2928.580978330777,4351.189632630318,4877.737887409978,3717.4793033050396,3492.119354959715,4018.6676097393606,2858.4090256344357,2772.6889896261955,3299.23724440587,2138.978660300922,3561.587314600511,4088.135569380151,2927.8769852752253,2702.517036929873,3229.0652917095317,2068.8067076045986,1490.0,49.71633333333333,temp_imgs\Paddle_Together\0008.png,00:00:01.735,1464.0,1438.0,47.98126666666667,C:\Users\Simon\git\Machine-Learning-And-Art\dataset_generator\temp_imgs\Paddle_Together\0008.png,6.0,0.0,0.0,0.0,0.0,0.0,0.0,0.0,0.0,0.0,0.0,0.0,0.0,0.0,0.0,0.0,0.0,0.0,0.0,0.0,0.0,0.0,0.0,0.0,0.0,0.0,0.0,0.0,0.0,0.0,0.0,0.0,0.0,0.0,0.0,0.0,0.0,0.0,0.0,0.0,0.0,0.0,0.0,0.0,0.0,0.0,0.0,0.0,0.0,0.0,0.0,0.0,0.0,0.0,0.0,0.0,0.0,0.0,0.0,0.0,0.0,0.0,0.0,0.0,0.0,0.0,0.0,0.0,0.0,0.0,0.0,0.0,0.0,0.0,0.0,0.0,0.0,0.0,0.0,0.0,['person']
2146.907064471877,2973.325995048874,2305.4787353180777,3096.8196775334463,3923.238608110426,3255.391348379654,2945.040865590719,3771.4597961677055,3103.612536436921,2749.7128263245986,3576.1317569015887,2908.2844971708073,3699.6254393861477,4526.044369963143,3858.197110232352,3547.846627443436,4374.265558020415,3706.4182982896364,2729.344151877579,3555.763082454576,2887.9158227237804,3679.2567649391535,4505.675695516128,3837.8284357853354,3527.4779529964026,4353.896883573393,3686.0496238425926,1529.0,51.017633333333336,temp_imgs\Paddle_Together\0009.png,00:00:01.301,1509.0,1490.0,49.71633333333333,C:\Users\Simon\git\Machine-Learning-And-Art\dataset_generator\temp_imgs\Paddle_Together\0009.png,4.0,0.0,0.0,0.0,0.0,0.0,0.0,0.0,1.0,0.0,0.0,0.0,0.0,0.0,0.0,0.0,0.0,0.0,0.0,0.0,0.0,0.0,0.0,0.0,0.0,0.0,0.0,0.0,0.0,0.0,0.0,0.0,0.0,0.0,0.0,0.0,0.0,0.0,0.0,1.0,0.0,0.0,0.0,0.0,0.0,0.0,0.0,0.0,0.0,0.0,0.0,0.0,0.0,0.0,0.0,0.0,0.0,0.0,0.0,0.0,0.0,0.0,0.0,0.0,0.0,0.0,0.0,0.0,0.0,0.0,0.0,0.0,0.0,0.0,0.0,0.0,0.0,0.0,0.0,0.0,"['bottle', 'person', 'boat']"
4834.802787958683,4623.626253858055,4044.632314171801,4471.224065500715,4260.047531400062,3681.053591713871,4127.562084726525,3916.3855506258983,3337.3916109397,4160.011129329571,3948.834595228911,3369.8406555427177,3796.432406871572,3585.255872770918,3006.261933084699,3452.7704260974065,3241.5938919967375,2662.5999523105334,3782.6287696116287,3571.4522355109975,2992.458295824776,3419.050047153652,3207.8735130529853,2628.879573366777,3075.388066379466,2864.211532278811,2285.2175925925885,1566.0,52.2522,temp_imgs\Paddle_Together\0010.png,00:00:01.235,1547.0,1529.0,51.017633333333336,C:\Users\Simon\git\Machine-Learning-And-Art\dataset_generator\temp_imgs\Paddle_Together\0010.png,3.0,0.0,0.0,0.0,0.0,0.0,0.0,0.0,0.0,0.0,0.0,0.0,0.0,0.0,0.0,0.0,0.0,0.0,0.0,0.0,0.0,0.0,0.0,0.0,1.0,0.0,0.0,0.0,0.0,0.0,0.0,0.0,0.0,0.0,0.0,0.0,0.0,0.0,0.0,0.0,0.0,0.0,0.0,0.0,0.0,0.0,0.0,0.0,0.0,0.0,0.0,0.0,0.0,0.0,0.0,0.0,0.0,0.0,0.0,0.0,0.0,0.0,0.0,0.0,0.0,0.0,0.0,0.0,0.0,0.0,0.0,0.0,0.0,0.0,0.0,0.0,0.0,0.0,0.0,0.0,"['backpack', 'person']"
4150.6449652777665,4674.1709238897265,4240.66610403804,3468.866354273822,3992.3923128858055,3558.8874930341067,3880.267160172334,4403.793118784312,3970.288298932626,3186.3351926869013,3709.8611512988764,3276.356331447191,2504.556581682956,3028.0825402949304,2594.5777204432334,2915.9573875814594,3439.4833461934204,3005.978526341733,3674.9113029406844,4198.437261552652,3764.9324417009802,2993.1326919367452,3516.6586505487116,3083.153830697024,3404.5334978352184,3928.059456447199,3494.5546365955042,1615.0,53.887166666666666,temp_imgs\Paddle_Together\0011.png,00:00:01.635,1590.0,1566.0,52.2522,C:\Users\Simon\git\Machine-Learning-And-Art\dataset_generator\temp_imgs\Paddle_Together\0011.png,2.0,0.0,0.0,0.0,0.0,0.0,0.0,0.0,0.0,0.0,0.0,0.0,0.0,0.0,0.0,0.0,0.0,0.0,0.0,0.0,0.0,0.0,0.0,0.0,0.0,0.0,0.0,0.0,0.0,0.0,0.0,0.0,0.0,0.0,0.0,0.0,0.0,0.0,0.0,0.0,0.0,0.0,0.0,0.0,0.0,0.0,0.0,0.0,0.0,0.0,0.0,0.0,0.0,0.0,0.0,0.0,0.0,0.0,0.0,0.0,0.0,0.0,0.0,0.0,0.0,0.0,0.0,0.0,0.0,0.0,0.0,0.0,0.0,0.0,0.0,0.0,0.0,0.0,0.0,0.0,['person']
3386.0218728566488,3515.5583392275435,3519.242969821667,3577.584434477894,3707.1209008487576,3710.8055314429075,3805.7074545610544,3935.243920931956,3938.928551526076,3068.9714184670765,3198.507884837961,3202.192515432102,3260.53398008831,3390.070446459185,3393.755077053315,3488.6570001714845,3618.1934665423546,3621.8780971364863,3399.8366099751493,3529.373076346044,3533.0577069401666,3591.399171596382,3720.935637967243,3724.6202685613916,3819.522191679554,3949.058658050425,3952.743288644566,1666.0,55.58886666666667,temp_imgs\Paddle_Together\0012.png,00:00:01.702,1640.0,1615.0,53.887166666666666,C:\Users\Simon\git\Machine-Learning-And-Art\dataset_generator\temp_imgs\Paddle_Together\0012.png,11.0,0.0,0.0,0.0,0.0,0.0,0.0,0.0,0.0,0.0,0.0,0.0,0.0,0.0,0.0,0.0,0.0,0.0,0.0,0.0,0.0,0.0,0.0,0.0,2.0,0.0,0.0,0.0,0.0,0.0,0.0,0.0,0.0,1.0,0.0,0.0,0.0,0.0,0.0,0.0,0.0,0.0,0.0,0.0,0.0,0.0,0.0,0.0,0.0,0.0,0.0,0.0,0.0,0.0,0.0,0.0,0.0,0.0,0.0,0.0,0.0,0.0,0.0,0.0,0.0,0.0,0.0,0.0,0.0,0.0,0.0,0.0,0.0,0.0,0.0,0.0,0.0,0.0,0.0,0.0,"['kite', 'backpack', 'person']"
5536.9591531635815,4289.83816658097,3233.7372122556744,6367.516862782972,5120.395876200292,4064.294921875013,4542.456867819813,3295.3358812371525,2239.2349269118595,4713.18411887005,3466.0631322873814,2409.962177962108,5543.741828489379,4296.620841906714,3240.519887581445,3718.6818335262424,2471.560846943582,1415.4598926183132,3544.7351090963843,2297.6141225137203,1241.513168188446,4375.2928187157295,3128.171832133054,2072.070877807781,2550.2328237525676,1303.1118371699226,247.01088284465027,2093.0,69.83643333333333,temp_imgs\Paddle_Together\0013.png,00:00:14.248,1879.0,1666.0,55.58886666666667,C:\Users\Simon\git\Machine-Learning-And-Art\dataset_generator\temp_imgs\Paddle_Together\0013.png,2.0,0.0,0.0,0.0,0.0,0.0,0.0,0.0,1.0,0.0,0.0,0.0,0.0,0.0,0.0,0.0,0.0,0.0,0.0,0.0,0.0,0.0,0.0,0.0,0.0,0.0,0.0,0.0,0.0,0.0,0.0,0.0,0.0,0.0,0.0,0.0,0.0,0.0,0.0,0.0,0.0,0.0,0.0,0.0,0.0,0.0,0.0,0.0,0.0,0.0,0.0,0.0,0.0,0.0,0.0,0.0,0.0,0.0,0.0,0.0,0.0,0.0,0.0,0.0,0.0,0.0,0.0,0.0,0.0,0.0,0.0,0.0,0.0,0.0,0.0,0.0,0.0,0.0,0.0,0.0,"['boat', 'person']"
2768.8457406335715,2588.4278951260394,3347.1102778849227,3228.421009623634,3048.0031641160913,3806.685546874993,3794.7853062843074,3614.3674607767744,4373.0498435356885,2703.6650698731273,2523.247224365569,3281.9296071244976,3163.24033886316,2982.8224933556253,3741.504876114523,3729.60463552385,3549.186790016294,4307.869172775233,3415.0533693415773,3234.6355238340466,3993.317906592973,3874.6286383316324,3694.210792824086,4452.8931755830035,4440.992934992256,4260.5750894847215,5019.257472243644,2178.0,72.6726,temp_imgs\Paddle_Together\0014.png,00:00:02.836,2135.0,2093.0,69.83643333333333,C:\Users\Simon\git\Machine-Learning-And-Art\dataset_generator\temp_imgs\Paddle_Together\0014.png,11.0,0.0,0.0,0.0,0.0,0.0,0.0,0.0,1.0,0.0,0.0,0.0,0.0,0.0,0.0,0.0,0.0,0.0,0.0,0.0,0.0,0.0,0.0,0.0,0.0,0.0,0.0,0.0,0.0,0.0,0.0,0.0,0.0,1.0,0.0,0.0,0.0,0.0,0.0,0.0,0.0,0.0,0.0,0.0,0.0,0.0,0.0,0.0,0.0,0.0,0.0,0.0,0.0,0.0,0.0,0.0,0.0,0.0,0.0,0.0,0.0,0.0,0.0,0.0,0.0,0.0,0.0,0.0,0.0,0.0,0.0,0.0,0.0,0.0,0.0,0.0,0.0,0.0,0.0,0.0,"['kite', 'person', 'boat']"
7073.884864754782,5668.581983024677,4829.339964313264,5977.513993377095,4572.211111646942,3732.969092935528,5162.893108603405,3757.5902268732925,2918.3482081618586,5520.106634194941,4114.803752464859,3275.561733753451,4423.735762817209,3018.4328810871034,2179.190862375679,3609.114878043555,2203.811996313443,1364.569977602021,4765.178915895048,3359.8760341649654,2520.6340154535424,3668.808044517297,2263.505162787199,1424.2631440757891,2854.1871597436448,1448.8842780135465,609.642259302127,2309.0,77.04363333333333,temp_imgs\Paddle_Together\0015.png,00:00:04.371,2243.0,2178.0,72.6726,C:\Users\Simon\git\Machine-Learning-And-Art\dataset_generator\temp_imgs\Paddle_Together\0015.png,5.0,0.0,0.0,0.0,0.0,0.0,0.0,0.0,1.0,0.0,0.0,0.0,0.0,0.0,0.0,0.0,0.0,0.0,0.0,0.0,0.0,0.0,0.0,0.0,1.0,0.0,0.0,0.0,0.0,0.0,0.0,0.0,0.0,0.0,0.0,0.0,0.0,0.0,0.0,0.0,0.0,0.0,0.0,0.0,0.0,0.0,0.0,0.0,0.0,0.0,0.0,0.0,0.0,0.0,0.0,0.0,0.0,0.0,0.0,0.0,0.0,0.0,0.0,0.0,0.0,0.0,0.0,0.0,0.0,0.0,0.0,0.0,0.0,0.0,0.0,0.0,0.0,0.0,0.0,0.0,"['backpack', 'person', 'boat']"
2354.9596113040116,4102.011917009619,2019.9089265046268,3614.8860543123997,5361.938360017976,3279.8353695130295,1907.0623204946821,3654.114626200289,1572.011635695297,4060.545872985264,5807.598178690862,3725.4951881858706,5320.472315993667,7067.524621699217,4985.421631194272,3612.6485821759284,5359.700887881534,3277.5978973765377,1440.7402477709172,3187.792553476521,1105.6895629715332,2700.666690779312,4447.718996484901,2365.6160059799313,992.8429569615944,2739.895262667194,657.7922721622087,2393.0,79.84643333333334,temp_imgs\Paddle_Together\0016.png,00:00:02.803,2351.0,2309.0,77.04363333333333,C:\Users\Simon\git\Machine-Learning-And-Art\dataset_generator\temp_imgs\Paddle_Together\0016.png,1.0,0.0,0.0,0.0,0.0,0.0,0.0,0.0,0.0,0.0,0.0,0.0,0.0,0.0,0.0,0.0,0.0,0.0,0.0,0.0,0.0,0.0,0.0,0.0,0.0,0.0,0.0,0.0,0.0,0.0,0.0,0.0,0.0,0.0,0.0,0.0,0.0,0.0,0.0,0.0,0.0,0.0,0.0,0.0,0.0,0.0,0.0,0.0,0.0,0.0,0.0,0.0,0.0,0.0,0.0,0.0,0.0,0.0,0.0,0.0,0.0,0.0,0.0,0.0,0.0,0.0,0.0,0.0,0.0,0.0,0.0,0.0,0.0,0.0,0.0,0.0,0.0,0.0,0.0,0.0,['person']
4806.345767425413,4042.4347216864016,3097.594111689822,5606.60497845936,4842.693932720334,3897.8533227237854,4196.489955739877,3432.5789100008647,2487.7383000042896,4096.423359267841,3332.512313528796,2387.671703532239,4896.682570301782,4132.771524562754,3187.930914566198,3486.5675475823077,2722.6565018432734,1777.815891846707,3164.329912015613,2400.418866276592,1455.5782562800136,3964.589123049556,3200.6780773105543,2255.8374673139647,2554.4741003300696,1790.5630545910499,845.7224445944786,2620.0,87.42066666666666,temp_imgs\Paddle_Together\0017.png,00:00:07.574,2506.0,2393.0,79.84643333333334,C:\Users\Simon\git\Machine-Learning-And-Art\dataset_generator\temp_imgs\Paddle_Together\0017.png,11.0,0.0,0.0,0.0,0.0,0.0,0.0,0.0,1.0,0.0,0.0,0.0,0.0,0.0,0.0,0.0,0.0,0.0,0.0,0.0,0.0,0.0,0.0,0.0,0.0,0.0,0.0,0.0,0.0,0.0,0.0,0.0,0.0,0.0,0.0,0.0,0.0,0.0,0.0,0.0,0.0,0.0,0.0,0.0,0.0,0.0,0.0,0.0,0.0,0.0,0.0,0.0,0.0,0.0,0.0,0.0,0.0,0.0,0.0,0.0,0.0,0.0,0.0,0.0,0.0,0.0,0.0,0.0,0.0,0.0,0.0,0.0,0.0,0.0,0.0,0.0,0.0,0.0,0.0,0.0,"['boat', 'person']"
2465.668228630825,4024.8200767318385,2119.075652113335,3277.519700038586,4836.6715481395895,2930.9271235211,2489.2597147205124,4048.4115628215286,2142.667138203017,3008.5711751971808,4567.723023298181,2661.9785986796924,3820.4226466049413,5379.574494705918,3473.8300700874497,3032.1626612868677,4591.314509387876,2685.5700847693806,2540.422863618826,4099.5747117198525,2193.830287101336,3352.274335026589,4911.426183127582,3005.6817585090976,2564.014349708523,4123.166197809525,2217.421773191019,2778.0,92.6926,temp_imgs\Paddle_Together\0018.png,00:00:05.272,2699.0,2620.0,87.42066666666666,C:\Users\Simon\git\Machine-Learning-And-Art\dataset_generator\temp_imgs\Paddle_Together\0018.png,1.0,0.0,0.0,0.0,0.0,0.0,0.0,0.0,0.0,0.0,0.0,0.0,0.0,0.0,0.0,0.0,0.0,0.0,0.0,0.0,0.0,0.0,0.0,0.0,0.0,0.0,0.0,0.0,0.0,0.0,0.0,0.0,0.0,0.0,0.0,0.0,0.0,0.0,0.0,0.0,0.0,0.0,0.0,0.0,0.0,0.0,0.0,0.0,0.0,0.0,0.0,0.0,0.0,0.0,0.0,0.0,0.0,0.0,0.0,0.0,0.0,0.0,0.0,0.0,0.0,0.0,0.0,0.0,0.0,0.0,0.0,0.0,0.0,0.0,0.0,0.0,0.0,0.0,0.0,0.0,['person']
9647.923584319235,6315.9333767360995,6113.518261316861,7608.951514810534,4276.961307227347,4074.5461918081096,7072.200421703534,3740.210214120363,3537.795098701123,6239.830603245038,2907.8403956618827,2705.425280242647,4200.858533736324,868.8683261531202,666.4532107338821,3664.107440629319,332.11723304612457,129.70211762688612,6110.363776899015,2778.3735693158596,2575.9584538966246,4071.391707390305,739.4014998070979,536.9863843878599,3534.6406142832984,202.6504067001028,0.23529128086419737,2873.0,95.86243333333333,temp_imgs\Paddle_Together\0019.png,00:00:03.170,2825.0,2778.0,92.6926,C:\Users\Simon\git\Machine-Learning-And-Art\dataset_generator\temp_imgs\Paddle_Together\0019.png,3.0,0.0,0.0,0.0,0.0,0.0,0.0,0.0,0.0,0.0,0.0,0.0,0.0,0.0,0.0,0.0,0.0,0.0,0.0,0.0,0.0,0.0,0.0,0.0,0.0,0.0,0.0,0.0,0.0,0.0,0.0,0.0,0.0,0.0,0.0,0.0,0.0,0.0,0.0,0.0,0.0,0.0,0.0,0.0,0.0,0.0,0.0,0.0,0.0,0.0,0.0,0.0,0.0,0.0,0.0,0.0,0.0,0.0,0.0,0.0,0.0,0.0,0.0,0.0,0.0,0.0,0.0,1.0,0.0,0.0,0.0,0.0,0.0,0.0,0.0,0.0,0.0,0.0,0.0,0.0,"['cell phone', 'person']"
2551.8702632030186,3661.553921253428,1633.6364401148799,5151.149024241277,6260.832682291669,4232.915201153131,2504.3707722479467,3614.0544302983512,1586.1369491598061,3389.733544453006,4499.417202503426,2471.4997213648703,5989.012305491267,7098.695963541684,5070.778482403123,3342.2340534979426,4451.917711548353,2424.000230409798,1760.986880036864,2870.670538087267,842.7530569487315,4360.265641075135,5469.94929912552,3442.031817986968,1713.4873890817987,2823.1710471321944,795.2535659936558,3215.0,107.27383333333333,temp_imgs\Paddle_Together\0020.png,00:00:11.411,3044.0,2873.0,95.86243333333333,C:\Users\Simon\git\Machine-Learning-And-Art\dataset_generator\temp_imgs\Paddle_Together\0020.png,5.0,0.0,0.0,0.0,0.0,0.0,0.0,0.0,1.0,0.0,0.0,0.0,0.0,0.0,0.0,0.0,0.0,0.0,0.0,0.0,0.0,0.0,0.0,0.0,0.0,0.0,0.0,0.0,0.0,0.0,0.0,0.0,0.0,0.0,0.0,0.0,0.0,0.0,0.0,0.0,0.0,0.0,0.0,0.0,0.0,0.0,0.0,0.0,0.0,0.0,0.0,0.0,0.0,0.0,0.0,0.0,0.0,0.0,0.0,0.0,0.0,0.0,0.0,0.0,0.0,0.0,0.0,0.0,0.0,0.0,0.0,0.0,0.0,0.0,0.0,0.0,0.0,0.0,0.0,0.0,"['boat', 'person']"
5495.726725930185,5748.08250010717,4910.08155703447,4333.388353052118,4585.744127229112,3747.743184156373,4236.024112654315,4488.379886831297,3650.378943758566,3862.1165203832315,4114.472294560206,3276.4713514874907,2699.7781475051515,2952.1339216821016,2114.132978609398,2602.413907107341,2854.7696812843005,2016.7687382115914,3907.2446791409625,4159.600453317926,3321.5995102452216,2744.9063062628697,2997.2620804398266,2159.261137367116,2647.5420658650655,2899.8978400420224,2061.896896969305,3335.0,111.27783333333333,temp_imgs\Paddle_Together\0021.png,00:00:04.004,3275.0,3215.0,107.27383333333333,C:\Users\Simon\git\Machine-Learning-And-Art\dataset_generator\temp_imgs\Paddle_Together\0021.png,11.0,0.0,0.0,0.0,0.0,0.0,0.0,0.0,0.0,0.0,0.0,0.0,0.0,1.0,0.0,0.0,0.0,0.0,0.0,0.0,0.0,0.0,0.0,0.0,2.0,0.0,0.0,0.0,0.0,0.0,0.0,0.0,0.0,0.0,0.0,0.0,0.0,0.0,0.0,0.0,0.0,0.0,0.0,0.0,0.0,0.0,0.0,0.0,0.0,0.0,0.0,0.0,0.0,0.0,0.0,0.0,0.0,0.0,0.0,0.0,0.0,0.0,0.0,0.0,0.0,0.0,0.0,0.0,0.0,0.0,0.0,0.0,0.0,0.0,0.0,0.0,0.0,0.0,0.0,0.0,"['backpack', 'person', 'bench']"
2932.1848181370033,3677.054658028987,1782.6125551911875,4574.01681455762,5318.886654449582,3424.4445516118153,2192.306514703367,2937.176354595335,1042.734251757547,4290.98746409894,5035.8573039909015,3141.4152011531382,5932.819460519549,6677.689300411527,4783.247197573746,3551.109160665303,4295.979000557262,2401.536897719491,2009.4161040380736,2754.2859439300414,859.8438410922529,3651.248100458684,4396.117940350646,2501.6758375128684,1269.5378006044264,2014.407640496397,119.96553765860767,3455.0,115.28183333333334,temp_imgs\Paddle_Together\0022.png,00:00:04.004,3395.0,3335.0,111.27783333333333,C:\Users\Simon\git\Machine-Learning-And-Art\dataset_generator\temp_imgs\Paddle_Together\0022.png,2.0,0.0,0.0,0.0,0.0,0.0,0.0,0.0,1.0,0.0,0.0,0.0,0.0,0.0,0.0,0.0,0.0,0.0,0.0,0.0,0.0,0.0,0.0,0.0,0.0,0.0,0.0,0.0,0.0,0.0,0.0,0.0,0.0,0.0,0.0,0.0,0.0,0.0,0.0,0.0,0.0,0.0,0.0,0.0,0.0,0.0,0.0,0.0,0.0,0.0,0.0,0.0,0.0,0.0,0.0,0.0,0.0,0.0,0.0,0.0,0.0,0.0,0.0,0.0,0.0,0.0,0.0,0.0,0.0,0.0,0.0,0.0,0.0,0.0,0.0,0.0,0.0,0.0,0.0,0.0,"['boat', 'person']"
3413.246297367974,4153.119510352372,2454.089760695296,3890.456240890772,4630.329453875171,2931.29970421811,2800.3900998799795,3540.263312864373,1841.2335632072966,3974.815948109565,4714.689161093972,3015.659411436908,4452.025891632366,5191.899104616762,3492.8693549597124,3361.9597506215837,4101.8329636059725,2402.8032139489046,3018.400417416843,3758.2736304012537,2059.243880744168,3495.6103609396464,4235.483573924037,2536.453824266984,2405.544219928837,3145.4174329132375,1446.3876832561712,3498.0,116.7166,temp_imgs\Paddle_Together\0023.png,00:00:01.435,3476.0,3455.0,115.28183333333334,C:\Users\Simon\git\Machine-Learning-And-Art\dataset_generator\temp_imgs\Paddle_Together\0023.png,1.0,0.0,0.0,0.0,0.0,0.0,0.0,0.0,0.0,0.0,0.0,0.0,0.0,0.0,0.0,0.0,0.0,0.0,0.0,0.0,0.0,0.0,0.0,0.0,0.0,0.0,0.0,0.0,0.0,0.0,0.0,0.0,0.0,0.0,0.0,0.0,0.0,0.0,0.0,0.0,0.0,0.0,0.0,0.0,0.0,0.0,0.0,0.0,0.0,0.0,0.0,0.0,0.0,0.0,0.0,0.0,0.0,0.0,0.0,0.0,0.0,0.0,0.0,0.0,0.0,0.0,0.0,0.0,0.0,0.0,0.0,0.0,0.0,0.0,0.0,0.0,0.0,0.0,0.0,0.0,['person']
7338.943005722738,5175.984407150171,4632.358046124795,6498.30840620715,4335.349807634609,3791.7234466092154,5530.402957283104,3367.4443587105593,2823.8179976851807,5621.132196287709,3458.1735977152284,2914.5472366898653,4780.497596772155,2617.53899819959,2073.9126371742063,3812.5921478481173,1649.6335492755488,1106.0071882501734,4894.60161072528,2731.643012152815,2188.0166511274156,4053.967011209737,1891.0084126371692,1347.3820516117955,3086.0615622856876,923.1029637131358,379.4766026877572,3544.0,118.25146666666667,temp_imgs\Paddle_Together\0024.png,00:00:01.535,3521.0,3498.0,116.7166,C:\Users\Simon\git\Machine-Learning-And-Art\dataset_generator\temp_imgs\Paddle_Together\0024.png,0.0,0.0,0.0,0.0,0.0,0.0,0.0,0.0,0.0,0.0,0.0,0.0,0.0,0.0,0.0,0.0,0.0,0.0,0.0,0.0,0.0,0.0,0.0,0.0,0.0,0.0,0.0,0.0,0.0,0.0,0.0,0.0,0.0,0.0,0.0,0.0,0.0,0.0,0.0,0.0,0.0,0.0,0.0,0.0,0.0,0.0,0.0,0.0,0.0,0.0,0.0,0.0,0.0,0.0,0.0,0.0,0.0,0.0,0.0,0.0,0.0,0.0,0.0,0.0,0.0,0.0,0.0,0.0,0.0,0.0,0.0,0.0,0.0,0.0,0.0,0.0,0.0,0.0,0.0,0.0,[]
1295.646377207649,2045.260706018514,2848.524235896764,2344.1311138974543,3093.7454427083358,3897.008972586576,3121.30245841906,3870.9167872299327,4674.180317108259,2082.6082229509593,2832.222551761833,3635.4860816400774,3131.092959640767,3880.707288451639,4683.970818329882,3908.2643041623796,4657.8786329732575,5461.14216285161,2882.4379099151315,3632.0522387260066,4435.315768604257,3930.9226466049404,4680.536975415813,5483.800505294119,4708.093991126533,5457.708319937412,6260.971849815673,3705.0,123.6235,temp_imgs\Paddle_Together\0025.png,00:00:05.372,3624.0,3544.0,118.25146666666667,C:\Users\Simon\git\Machine-Learning-And-Art\dataset_generator\temp_imgs\Paddle_Together\0025.png,3.0,0.0,0.0,0.0,0.0,0.0,0.0,0.0,0.0,0.0,0.0,0.0,0.0,0.0,0.0,0.0,0.0,0.0,0.0,0.0,0.0,0.0,0.0,0.0,0.0,0.0,0.0,0.0,0.0,0.0,0.0,0.0,0.0,1.0,0.0,0.0,0.0,0.0,0.0,0.0,0.0,0.0,0.0,0.0,0.0,0.0,0.0,0.0,0.0,0.0,0.0,0.0,0.0,0.0,0.0,0.0,0.0,0.0,0.0,0.0,0.0,0.0,0.0,0.0,0.0,0.0,0.0,0.0,0.0,0.0,0.0,0.0,0.0,0.0,0.0,0.0,0.0,0.0,0.0,0.0,"['kite', 'person']"
3007.5768068415614,3115.1402445558983,2963.7398271390407,2931.4985987868718,3039.062036501207,2887.661619084389,3720.0945350008797,3827.657972715249,3676.257555298405,2985.579051997614,3093.1424897119446,2941.7420722951147,2909.5008439428957,3017.0642816572295,2865.663864240384,3698.09678015689,3805.6602178712196,3654.259800454398,3408.165407450295,3515.72884516465,3364.3284277478156,3332.087199395578,3439.6506371098994,3288.2502196930777,4120.683135609579,4228.246573323901,4076.8461559070706,3859.0,128.76196666666667,temp_imgs\Paddle_Together\0026.png,00:00:05.138,3782.0,3705.0,123.6235,C:\Users\Simon\git\Machine-Learning-And-Art\dataset_generator\temp_imgs\Paddle_Together\0026.png,1.0,0.0,0.0,0.0,0.0,0.0,0.0,0.0,1.0,0.0,0.0,0.0,0.0,0.0,0.0,0.0,0.0,0.0,0.0,0.0,0.0,0.0,0.0,0.0,0.0,0.0,0.0,0.0,0.0,0.0,0.0,0.0,0.0,0.0,0.0,0.0,0.0,0.0,0.0,0.0,0.0,0.0,0.0,0.0,0.0,0.0,0.0,0.0,0.0,0.0,0.0,0.0,0.0,0.0,0.0,0.0,0.0,0.0,0.0,0.0,0.0,0.0,0.0,0.0,0.0,0.0,0.0,0.0,0.0,0.0,0.0,0.0,0.0,0.0,0.0,0.0,0.0,0.0,0.0,0.0,"['boat', 'person']"
6726.859506280015,4947.28954475307,5194.934092078172,5256.465963648845,3476.8960021219377,3724.540549447054,5391.604879329574,3612.0349178026795,3859.679465127788,5059.70011359738,3280.1301520705124,3527.774699395639,3589.306570966249,1809.7366094393021,2057.3811567644043,3724.445486646988,1944.8755251200262,2192.5200724451242,5233.808580354075,3454.2386188272258,3701.8831661523413,3763.4150377229475,1983.8450761959919,2231.489623521087,3898.5539534036916,2118.983991876716,2366.6285392018167,3961.0,132.16536666666667,temp_imgs\Paddle_Together\0027.png,00:00:03.403,3910.0,3859.0,128.76196666666667,C:\Users\Simon\git\Machine-Learning-And-Art\dataset_generator\temp_imgs\Paddle_Together\0027.png,6.0,0.0,0.0,0.0,0.0,0.0,0.0,0.0,0.0,0.0,0.0,0.0,0.0,0.0,0.0,0.0,0.0,0.0,0.0,0.0,0.0,0.0,0.0,0.0,0.0,0.0,0.0,0.0,0.0,0.0,0.0,0.0,0.0,0.0,0.0,0.0,0.0,0.0,0.0,0.0,0.0,0.0,0.0,0.0,0.0,0.0,0.0,0.0,0.0,0.0,0.0,0.0,0.0,0.0,0.0,0.0,0.0,0.0,0.0,0.0,0.0,0.0,0.0,0.0,0.0,0.0,0.0,0.0,0.0,0.0,0.0,0.0,0.0,0.0,0.0,0.0,0.0,0.0,0.0,0.0,['person']
5927.721067493987,5457.655349794229,4095.954847715199,5369.74783789866,4899.682120198915,3537.9816181198707,4263.573798118153,3793.5080804183854,2431.8075783393365,4825.578553669427,4355.512835969654,2993.8123338906116,4267.6053240740775,3797.5396063743206,2435.839104295268,3161.4312842935615,2691.3655665937918,1329.665064514744,3924.005741490931,3453.94002379116,2092.2395217121,3366.032511895581,2895.966794195818,1534.2662921167698,2259.8584721150546,1789.7927544152928,428.09225233624846,4129.0,137.77096666666668,temp_imgs\Paddle_Together\0028.png,00:00:05.606,4045.0,3961.0,132.16536666666667,C:\Users\Simon\git\Machine-Learning-And-Art\dataset_generator\temp_imgs\Paddle_Together\0028.png,14.0,0.0,2.0,0.0,0.0,0.0,0.0,0.0,0.0,0.0,0.0,0.0,0.0,0.0,0.0,0.0,0.0,0.0,0.0,0.0,0.0,0.0,0.0,0.0,0.0,0.0,0.0,0.0,0.0,0.0,0.0,0.0,0.0,0.0,0.0,0.0,0.0,0.0,0.0,0.0,0.0,0.0,0.0,0.0,0.0,0.0,0.0,0.0,0.0,0.0,0.0,0.0,0.0,0.0,0.0,0.0,0.0,0.0,0.0,0.0,0.0,0.0,0.0,0.0,0.0,0.0,0.0,0.0,0.0,0.0,0.0,0.0,0.0,0.0,0.0,0.0,0.0,0.0,0.0,0.0,"['car', 'person']"
3877.2786511917107,4572.30682816786,3385.357684435017,4380.625187542877,5075.653364519043,3888.704220786188,2628.9406587577223,3323.968835733885,2137.01969200103,4223.172287594328,4918.200464570473,3731.251320837645,4726.5188239454665,5421.547000921636,4234.597857188792,2974.8342951603454,3669.862472136492,2482.9133284036348,2378.9908050411555,3074.018982017314,1887.06983828445,2882.3373413923423,3577.365518368495,2390.416374635633,1130.652812607168,1825.680989583332,638.7318458504811,4225.0,140.97416666666666,temp_imgs\Paddle_Together\0029.png,00:00:03.203,4177.0,4129.0,137.77096666666668,C:\Users\Simon\git\Machine-Learning-And-Art\dataset_generator\temp_imgs\Paddle_Together\0029.png,4.0,1.0,0.0,0.0,0.0,0.0,0.0,0.0,0.0,0.0,0.0,0.0,0.0,0.0,0.0,0.0,0.0,0.0,0.0,0.0,0.0,0.0,0.0,0.0,0.0,0.0,0.0,0.0,0.0,0.0,0.0,0.0,0.0,0.0,0.0,0.0,0.0,0.0,0.0,0.0,0.0,0.0,0.0,0.0,0.0,0.0,0.0,0.0,0.0,0.0,0.0,0.0,0.0,0.0,0.0,0.0,0.0,0.0,0.0,0.0,0.0,0.0,0.0,0.0,0.0,0.0,0.0,0.0,0.0,0.0,0.0,0.0,0.0,0.0,0.0,0.0,0.0,0.0,0.0,0.0,"['bicycle', 'person']"
4569.050518689984,5674.259996034823,4309.878989304698,3871.212660215202,4976.422137560003,3612.0411308299176,3569.411072530879,4674.620549875678,3310.239543145588,3738.396138760298,4843.6056161051065,3479.224609375031,3040.558280285513,4145.767757630316,2781.386750900217,2738.7566926011723,3843.966169945991,2479.585163215879,3347.4797641246623,4452.689241469475,3088.308234739379,2649.6419056498667,3754.8513829946905,2390.470376264573,2347.8403179655415,3453.049795310366,2088.668788580249,4360.0,145.47866666666667,temp_imgs\Paddle_Together\0030.png,00:00:04.505,4292.0,4225.0,140.97416666666666,C:\Users\Simon\git\Machine-Learning-And-Art\dataset_generator\temp_imgs\Paddle_Together\0030.png,12.0,0.0,0.0,0.0,0.0,0.0,0.0,0.0,0.0,0.0,0.0,0.0,0.0,0.0,0.0,0.0,0.0,0.0,0.0,0.0,0.0,0.0,0.0,0.0,0.0,0.0,0.0,0.0,0.0,0.0,0.0,0.0,0.0,0.0,0.0,0.0,0.0,0.0,0.0,0.0,0.0,0.0,0.0,0.0,0.0,0.0,0.0,0.0,0.0,0.0,0.0,0.0,0.0,0.0,0.0,0.0,0.0,0.0,0.0,0.0,0.0,0.0,0.0,0.0,0.0,0.0,0.0,0.0,0.0,0.0,0.0,0.0,0.0,0.0,0.0,0.0,0.0,0.0,0.0,0.0,['person']
3425.2218632115896,4252.070518797162,2372.575590492116,3997.0027970679066,4823.851452653486,2944.3565243484272,2647.8446073388322,3474.69326292439,1595.1983346193417,3994.0562253515086,4820.904880937067,2941.4099526320388,4565.837159207805,5392.685814793377,3513.1908864883285,3216.678969478746,4043.527625064304,2164.032696759258,2824.626586076816,3651.475241662391,1771.9803133573341,3396.407519933129,4223.256175518697,2343.7612472136534,2047.2493302040386,2874.097985789614,994.6030574845672,4464.0,148.9488,temp_imgs\Paddle_Together\0031.png,00:00:03.470,4412.0,4360.0,145.47866666666667,C:\Users\Simon\git\Machine-Learning-And-Art\dataset_generator\temp_imgs\Paddle_Together\0031.png,1.0,0.0,0.0,0.0,1.0,0.0,0.0,0.0,0.0,0.0,0.0,0.0,0.0,0.0,0.0,0.0,0.0,0.0,0.0,0.0,0.0,0.0,0.0,0.0,0.0,0.0,0.0,0.0,0.0,0.0,0.0,0.0,0.0,0.0,0.0,0.0,0.0,0.0,0.0,0.0,0.0,0.0,0.0,0.0,0.0,0.0,0.0,0.0,0.0,0.0,0.0,0.0,0.0,0.0,0.0,0.0,0.0,0.0,0.0,0.0,0.0,0.0,0.0,0.0,0.0,0.0,0.0,0.0,0.0,0.0,0.0,0.0,0.0,0.0,0.0,0.0,0.0,0.0,0.0,0.0,"['aeroplane', 'person']"
5463.401207776067,4803.609766160832,4655.589144483006,4517.865210262354,3858.073768647121,3710.053146969292,4374.50439118227,3714.7129495670456,3566.6923278892195,4376.936894504454,3717.145452889228,3569.1248312114035,3431.400896990751,2771.6094553755106,2623.5888336977027,3288.040077910665,2628.248636295441,2480.2280146176286,4176.702945494688,3516.91150387946,3368.8908822016406,3231.166947980985,2571.375506365741,2423.3548846879244,3087.806128900909,2428.0146872856644,2279.994065607848,4565.0,152.31883333333334,temp_imgs\Paddle_Together\0032.png,00:00:03.370,4514.0,4464.0,148.9488,C:\Users\Simon\git\Machine-Learning-And-Art\dataset_generator\temp_imgs\Paddle_Together\0032.png,5.0,0.0,0.0,0.0,0.0,0.0,0.0,0.0,0.0,0.0,0.0,0.0,0.0,0.0,0.0,0.0,0.0,0.0,0.0,0.0,0.0,0.0,0.0,0.0,0.0,3.0,0.0,0.0,0.0,0.0,0.0,0.0,0.0,0.0,0.0,0.0,0.0,0.0,0.0,0.0,0.0,0.0,0.0,0.0,0.0,0.0,0.0,0.0,0.0,0.0,0.0,0.0,0.0,0.0,0.0,0.0,1.0,0.0,0.0,0.0,0.0,0.0,0.0,0.0,0.0,0.0,0.0,0.0,0.0,0.0,0.0,0.0,0.0,0.0,0.0,0.0,0.0,0.0,0.0,0.0,"['chair', 'umbrella', 'person']"
7052.1175304355165,5282.989044817357,4684.101128472207,5713.074636702684,3943.9461510845495,3345.058234739384,4877.633573388204,3108.505087770081,2509.617171424905,5938.0869555898325,4168.958469971697,3570.070553626525,4599.044061857013,2829.9155762388586,2231.0276598936925,3763.6029985425507,1994.4745129243784,1395.5865965792154,5017.010577417682,3247.8820917995404,2648.99417545437,3677.9676836848644,1908.8391980666968,1309.9512817215345,2842.526620370374,1073.3981347522308,474.51021840706466,4736.0,158.02453333333332,temp_imgs\Paddle_Together\0033.png,00:00:05.706,4650.0,4565.0,152.31883333333334,C:\Users\Simon\git\Machine-Learning-And-Art\dataset_generator\temp_imgs\Paddle_Together\0033.png,9.0,0.0,0.0,0.0,0.0,0.0,0.0,0.0,0.0,0.0,0.0,0.0,0.0,0.0,0.0,0.0,0.0,0.0,0.0,0.0,0.0,0.0,0.0,0.0,0.0,0.0,1.0,0.0,0.0,0.0,0.0,0.0,0.0,0.0,0.0,0.0,0.0,0.0,0.0,0.0,0.0,0.0,0.0,0.0,0.0,0.0,0.0,0.0,0.0,0.0,0.0,0.0,0.0,0.0,0.0,1.0,0.0,0.0,0.0,0.0,0.0,0.0,0.0,0.0,0.0,0.0,0.0,0.0,0.0,0.0,0.0,0.0,0.0,0.0,0.0,0.0,0.0,0.0,0.0,0.0,"['cake', 'person', 'handbag']"
2083.3152568801415,2859.522513181591,2135.3513642404014,3592.2165369941877,4368.423793295598,3644.2526443544275,2206.3717742626886,2982.5790305641385,2258.4078816229426,3705.271505808476,4481.478762109929,3757.3076131687358,5214.17278592252,5990.380042223944,5266.208893282757,3828.3280231910235,4604.535279492473,3880.3641305512792,2017.4675336505436,2793.6747899520005,2069.503641010799,3526.368813764596,4302.576070066004,3578.404921124827,2140.5240510330905,2916.731307334541,2192.5601583933376,4881.0,162.8627,temp_imgs\Paddle_Together\0034.png,00:00:04.838,4808.0,4736.0,158.02453333333332,C:\Users\Simon\git\Machine-Learning-And-Art\dataset_generator\temp_imgs\Paddle_Together\0034.png,1.0,0.0,0.0,0.0,0.0,0.0,0.0,0.0,0.0,0.0,0.0,0.0,0.0,0.0,0.0,0.0,0.0,0.0,0.0,0.0,0.0,0.0,0.0,0.0,0.0,0.0,0.0,0.0,0.0,0.0,0.0,0.0,0.0,0.0,0.0,0.0,0.0,0.0,0.0,0.0,0.0,0.0,0.0,0.0,0.0,0.0,0.0,0.0,0.0,0.0,0.0,0.0,0.0,0.0,0.0,0.0,0.0,0.0,0.0,0.0,0.0,0.0,0.0,0.0,0.0,0.0,0.0,0.0,0.0,0.0,0.0,0.0,0.0,0.0,0.0,0.0,0.0,0.0,0.0,0.0,['person']
3269.126109182091,4173.293721600646,2672.5190838263043,3587.4140303498143,4491.581642768321,2990.8070049940197,3074.4463118355866,3978.6139242541053,2477.839286479779,3536.648501800437,4440.816114218975,2940.041476444641,3854.9364229681023,4759.10403538667,3258.3293976123164,3341.968704453875,4246.136316872437,2745.3616790980805,3213.616796339193,4117.784408757739,2617.009770983394,3531.9047175068504,4436.072329925414,2935.2976921510626,3018.936998992627,3923.1046114112005,2422.3299736368313,5233.0,174.60776666666666,temp_imgs\Paddle_Together\0035.png,00:00:11.745,5057.0,4881.0,162.8627,C:\Users\Simon\git\Machine-Learning-And-Art\dataset_generator\temp_imgs\Paddle_Together\0035.png,3.0,0.0,0.0,0.0,0.0,0.0,0.0,0.0,0.0,0.0,0.0,0.0,0.0,0.0,0.0,0.0,0.0,0.0,0.0,0.0,0.0,0.0,0.0,0.0,0.0,0.0,0.0,0.0,0.0,0.0,0.0,0.0,0.0,0.0,0.0,0.0,0.0,0.0,0.0,0.0,0.0,0.0,0.0,0.0,0.0,0.0,0.0,0.0,0.0,0.0,0.0,0.0,0.0,0.0,0.0,0.0,0.0,0.0,0.0,0.0,0.0,0.0,0.0,0.0,0.0,0.0,0.0,0.0,0.0,0.0,0.0,0.0,0.0,0.0,0.0,0.0,0.0,0.0,0.0,0.0,['person']
4281.040862911527,4590.978596000517,2879.5025934499436,4240.852794924557,4550.79052801354,2839.3145254629653,3020.384010095188,3330.3217431841686,1618.8457406335851,4453.974400398676,4763.912133487656,3052.436130937063,4413.786332411725,4723.724065500686,3012.2480629500874,3193.3175475823073,3503.255280671306,1791.7792781207074,3286.927144954575,3596.8648780435697,1885.3888754929674,3246.7390769676012,3556.676810056591,1845.200807506005,2026.2702921382036,2336.2080252271926,624.7320226766121,5338.0,178.11126666666667,temp_imgs\Paddle_Together\0036.png,00:00:03.504,5285.0,5233.0,174.60776666666666,C:\Users\Simon\git\Machine-Learning-And-Art\dataset_generator\temp_imgs\Paddle_Together\0036.png,1.0,0.0,1.0,0.0,0.0,0.0,0.0,0.0,0.0,0.0,0.0,0.0,0.0,0.0,0.0,0.0,0.0,0.0,0.0,0.0,0.0,0.0,0.0,0.0,0.0,0.0,0.0,0.0,0.0,0.0,0.0,0.0,0.0,0.0,0.0,0.0,0.0,0.0,0.0,0.0,0.0,0.0,0.0,0.0,0.0,0.0,0.0,0.0,0.0,0.0,0.0,0.0,0.0,0.0,0.0,0.0,0.0,0.0,0.0,0.0,0.0,0.0,0.0,0.0,0.0,0.0,0.0,0.0,0.0,0.0,0.0,0.0,0.0,0.0,0.0,0.0,0.0,0.0,0.0,0.0,"['person', 'car']"
2415.526124721364,3361.2996425968913,2135.4527981395777,3921.8466113683035,4867.620129243813,3641.7732847865145,2659.6862032750355,3605.459721150558,2379.612876693248,3369.4418617112615,4315.215379586771,3089.3685351294635,4875.762348358183,5821.535866233718,4595.689021776401,3613.601940264926,4559.37545814044,3333.528613683122,2371.850806970173,3317.6243248456826,2091.777480388381,3878.171293617131,4823.944811492643,3598.097967035327,2616.0108855238464,3561.784403399362,2335.9375589420374,5403.0,180.2801,temp_imgs\Paddle_Together\0037.png,00:00:02.169,5370.0,5338.0,178.11126666666667,C:\Users\Simon\git\Machine-Learning-And-Art\dataset_generator\temp_imgs\Paddle_Together\0037.png,8.0,0.0,0.0,0.0,0.0,0.0,0.0,0.0,0.0,0.0,0.0,0.0,0.0,0.0,0.0,0.0,0.0,0.0,0.0,0.0,0.0,0.0,0.0,0.0,0.0,0.0,0.0,0.0,0.0,0.0,0.0,0.0,0.0,0.0,0.0,0.0,0.0,0.0,0.0,0.0,0.0,0.0,0.0,0.0,0.0,0.0,0.0,0.0,0.0,0.0,0.0,0.0,0.0,0.0,0.0,0.0,0.0,0.0,0.0,0.0,0.0,0.0,0.0,0.0,0.0,0.0,0.0,0.0,0.0,0.0,0.0,0.0,0.0,0.0,0.0,0.0,0.0,0.0,0.0,0.0,['person']
3035.085950895935,3590.5653881601543,2296.8036988811737,4237.784692751216,4793.264130015437,3499.5024407364654,2879.0465910065245,3434.5260282707563,2140.7643389917657,3784.8907669967725,4340.370204260981,3046.6085149820183,4987.589508852,5543.068946116235,4249.307256837282,3628.851407107348,4184.330844371578,2890.5691550926003,2782.814737118506,3338.294174382726,2044.5324851037324,3985.513478973788,4540.992916238016,3247.231226959029,2626.7753772290835,3182.254814493323,1888.4931252143363,5475.0,182.6825,temp_imgs\Paddle_Together\0038.png,00:00:02.402,5439.0,5403.0,180.2801,C:\Users\Simon\git\Machine-Learning-And-Art\dataset_generator\temp_imgs\Paddle_Together\0038.png,6.0,0.0,0.0,0.0,0.0,0.0,0.0,0.0,0.0,0.0,0.0,0.0,0.0,0.0,0.0,0.0,0.0,0.0,0.0,0.0,0.0,0.0,0.0,0.0,0.0,0.0,1.0,0.0,0.0,0.0,0.0,0.0,0.0,0.0,0.0,0.0,0.0,0.0,0.0,0.0,0.0,0.0,0.0,0.0,0.0,0.0,0.0,0.0,0.0,0.0,0.0,0.0,0.0,0.0,0.0,0.0,0.0,0.0,0.0,0.0,0.0,0.0,0.0,0.0,0.0,0.0,0.0,0.0,0.0,0.0,0.0,0.0,0.0,0.0,0.0,0.0,0.0,0.0,0.0,0.0,"['handbag', 'person']"
3151.6878777649104,4501.1731556498635,3086.709750621568,3666.9263679912356,5016.4116458762255,3601.9482408478993,2990.9193994341626,4340.404677319122,2925.9412722908014,3112.7864342206835,4462.271712105629,3047.8083070773414,3628.024924447012,4977.510202331954,3563.0467973036757,2952.017955889937,4301.503233774883,2887.039828746573,2640.332872513707,3989.818150398677,2575.354745370373,3155.5713627400683,4505.056640625009,3090.593235596715,2479.56439418295,3829.0496720679134,2414.586267039606,5579.0,186.15263333333334,temp_imgs\Paddle_Together\0039.png,00:00:03.470,5527.0,5475.0,182.6825,C:\Users\Simon\git\Machine-Learning-And-Art\dataset_generator\temp_imgs\Paddle_Together\0039.png,9.0,0.0,0.0,0.0,0.0,0.0,0.0,0.0,0.0,0.0,0.0,0.0,0.0,0.0,0.0,0.0,0.0,0.0,0.0,0.0,0.0,0.0,0.0,0.0,0.0,0.0,0.0,0.0,0.0,0.0,0.0,0.0,0.0,0.0,0.0,0.0,0.0,0.0,0.0,0.0,0.0,0.0,0.0,0.0,0.0,0.0,0.0,0.0,0.0,0.0,0.0,0.0,0.0,0.0,0.0,0.0,0.0,0.0,0.0,0.0,0.0,0.0,0.0,0.0,0.0,0.0,0.0,0.0,0.0,0.0,0.0,0.0,0.0,0.0,0.0,0.0,0.0,0.0,0.0,0.0,['person']
4481.066063314479,5525.159561471219,4417.645351080245,3711.4954936128115,4755.588991769547,3648.074781378572,3669.626237782916,4713.719735939645,3606.2055255486675,3533.8947241512396,4577.9882223079485,3470.4740119170287,2764.3241544496013,3808.417652606319,2700.903442215368,2722.4548986197033,3766.5483967764126,2659.0341863854587,3425.1554783950673,4469.248976551771,3361.7347661608587,2655.5849086934268,3699.6784068501383,2592.164196459195,2613.7156528635282,3657.8091510202335,2550.294940629288,5666.0,189.05553333333333,temp_imgs\Paddle_Together\0040.png,00:00:02.903,5622.0,5579.0,186.15263333333334,C:\Users\Simon\git\Machine-Learning-And-Art\dataset_generator\temp_imgs\Paddle_Together\0040.png,7.0,0.0,0.0,0.0,0.0,0.0,0.0,0.0,0.0,0.0,0.0,0.0,0.0,0.0,0.0,0.0,0.0,0.0,0.0,0.0,0.0,0.0,0.0,0.0,0.0,0.0,0.0,0.0,0.0,0.0,0.0,0.0,0.0,0.0,0.0,0.0,0.0,0.0,0.0,0.0,0.0,0.0,0.0,0.0,0.0,0.0,0.0,0.0,0.0,0.0,0.0,0.0,0.0,0.0,0.0,0.0,0.0,0.0,0.0,0.0,0.0,0.0,0.0,0.0,0.0,0.0,0.0,0.0,0.0,0.0,0.0,0.0,0.0,0.0,0.0,0.0,0.0,0.0,0.0,0.0,['person']
3481.5430491255147,4262.01474622771,2387.194575724445,4034.3087571802203,4814.78045428242,2939.9602837791576,2653.3245000643133,3433.796197166503,1558.9760266632381,4075.292754415292,4855.764451517505,2980.9442810142364,4628.058462469984,5408.530159572182,3533.709989068922,3247.0742053540844,4027.5459024562892,2152.7257319530167,2855.280963327335,3635.752660429539,1760.9324899262713,3408.04667138203,4188.518368484237,2313.6981979809702,2027.0624142661106,2807.5341113683135,932.713940865055,5711.0,190.55703333333335,temp_imgs\Paddle_Together\0041.png,00:00:01.502,5688.0,5666.0,189.05553333333333,C:\Users\Simon\git\Machine-Learning-And-Art\dataset_generator\temp_imgs\Paddle_Together\0041.png,1.0,0.0,0.0,0.0,0.0,0.0,0.0,0.0,0.0,0.0,0.0,0.0,0.0,0.0,0.0,0.0,0.0,0.0,0.0,0.0,0.0,0.0,0.0,0.0,0.0,0.0,0.0,0.0,0.0,0.0,0.0,0.0,0.0,0.0,0.0,0.0,0.0,0.0,0.0,0.0,0.0,0.0,0.0,0.0,0.0,0.0,0.0,0.0,0.0,0.0,0.0,0.0,0.0,0.0,0.0,0.0,0.0,0.0,0.0,0.0,0.0,0.0,0.0,0.0,0.0,0.0,0.0,0.0,0.0,0.0,0.0,0.0,0.0,0.0,0.0,0.0,0.0,0.0,0.0,0.0,['person']
9230.028495799039,7013.097704475263,6301.424615804999,6660.704068072687,4443.773276748994,3732.100188078756,6119.026601616059,3902.095810292408,3190.422721622112,6399.541398748285,4182.610607424562,3470.9375187542573,3830.216971021968,1613.2861796982181,901.6130910279511,3288.539504565321,1071.6087132416,359.9356245713306,6039.605774176938,3822.674982853223,3111.0018941829217,3470.281346450616,1253.3505551268877,541.6774664566183,2928.6038799939806,711.6730886702676,0.0,5804.0,193.66013333333333,temp_imgs\Paddle_Together\0042.png,00:00:03.103,5757.0,5711.0,190.55703333333335,C:\Users\Simon\git\Machine-Learning-And-Art\dataset_generator\temp_imgs\Paddle_Together\0042.png,11.0,0.0,0.0,0.0,0.0,0.0,0.0,0.0,2.0,0.0,0.0,0.0,0.0,0.0,0.0,0.0,0.0,0.0,0.0,0.0,0.0,0.0,0.0,0.0,0.0,0.0,0.0,0.0,0.0,0.0,0.0,0.0,0.0,0.0,0.0,0.0,0.0,0.0,0.0,0.0,0.0,0.0,0.0,0.0,0.0,0.0,0.0,0.0,0.0,0.0,0.0,0.0,0.0,0.0,0.0,0.0,0.0,0.0,0.0,0.0,0.0,0.0,0.0,0.0,0.0,0.0,0.0,0.0,0.0,0.0,0.0,0.0,0.0,0.0,0.0,0.0,0.0,0.0,0.0,0.0,"['boat', 'person']"
4665.52484675069,4754.777258016133,3288.6555855624247,4696.84099579906,4786.093407064505,3319.9717346108005,3098.6651529278065,3187.9175641932547,1721.7958917395338,4874.335179291009,4963.587590556404,3497.46591810275,4905.651328339309,4994.903739604744,3528.782067151068,3307.4754854681314,3396.7278967335524,1930.6062242798375,3119.2247781635897,3208.4771894290216,1742.355516975306,3150.5409272119578,3239.7933384773737,1773.6716660236639,1552.3650843407056,1641.6174956061368,175.49582315243538,5975.0,199.36583333333334,temp_imgs\Paddle_Together\0043.png,00:00:05.706,5889.0,5804.0,193.66013333333333,C:\Users\Simon\git\Machine-Learning-And-Art\dataset_generator\temp_imgs\Paddle_Together\0043.png,21.0,0.0,0.0,0.0,0.0,0.0,0.0,0.0,2.0,0.0,0.0,0.0,0.0,0.0,0.0,0.0,0.0,0.0,0.0,0.0,0.0,0.0,0.0,0.0,0.0,0.0,0.0,0.0,0.0,0.0,0.0,0.0,1.0,0.0,0.0,0.0,0.0,0.0,0.0,0.0,0.0,0.0,0.0,0.0,0.0,0.0,0.0,0.0,0.0,0.0,0.0,0.0,0.0,0.0,0.0,0.0,0.0,0.0,0.0,0.0,0.0,0.0,0.0,0.0,0.0,0.0,0.0,0.0,0.0,0.0,0.0,0.0,0.0,0.0,0.0,0.0,0.0,0.0,0.0,0.0,"['sports ball', 'boat', 'person']"
4243.169219928835,4144.053018368495,2732.9373070987713,5014.91436792695,4915.7981663666,3504.6824550968868,3224.0551617155397,3124.9389601551925,1713.8232488854617,4498.4258482296,4399.309646669247,2988.1939353995267,5270.170996227698,5171.0547946673605,3759.9390833976245,3479.31179001629,3380.19558845594,1969.0798771862133,3139.073988340201,3039.9577867798375,1628.842075510117,3910.8191363383203,3811.7029347779508,2400.587223508233,2119.959930126891,2020.8437285665307,609.7280172968117,6083.0,202.96943333333334,temp_imgs\Paddle_Together\0044.png,00:00:03.604,6029.0,5975.0,199.36583333333334,C:\Users\Simon\git\Machine-Learning-And-Art\dataset_generator\temp_imgs\Paddle_Together\0044.png,12.0,0.0,0.0,0.0,0.0,0.0,0.0,0.0,1.0,0.0,0.0,0.0,0.0,0.0,0.0,0.0,0.0,0.0,0.0,0.0,0.0,0.0,0.0,0.0,0.0,0.0,0.0,0.0,0.0,0.0,0.0,0.0,0.0,0.0,0.0,0.0,0.0,0.0,0.0,0.0,0.0,0.0,0.0,0.0,0.0,0.0,0.0,0.0,0.0,0.0,0.0,0.0,0.0,0.0,0.0,0.0,0.0,0.0,0.0,0.0,0.0,0.0,0.0,0.0,0.0,0.0,0.0,0.0,0.0,0.0,0.0,0.0,0.0,0.0,0.0,0.0,0.0,0.0,0.0,0.0,"['boat', 'person']"
3767.542114090365,4614.722902734933,2577.309408221892,4190.199625985949,5037.380414630466,2999.966920117487,2381.3685110168067,3228.5492996613616,1191.13580514832,4665.882841971038,5513.063630615558,3475.650136102564,5088.54035386657,5935.7211425111345,3898.307647998111,3279.709238897468,4126.890027542003,2089.4765330289733,2749.1819728437968,3596.362761488346,1558.94926697531,3171.8394847393793,4019.0202733839196,1981.6067788708865,1363.0083697702323,2210.1891584147866,172.77566390174889,6185.0,206.37283333333335,temp_imgs\Paddle_Together\0045.png,00:00:03.403,6134.0,6083.0,202.96943333333334,C:\Users\Simon\git\Machine-Learning-And-Art\dataset_generator\temp_imgs\Paddle_Together\0045.png,25.0,0.0,0.0,0.0,0.0,0.0,0.0,0.0,1.0,0.0,0.0,0.0,0.0,0.0,0.0,0.0,0.0,0.0,0.0,0.0,0.0,0.0,0.0,0.0,0.0,1.0,0.0,0.0,0.0,0.0,0.0,0.0,0.0,0.0,0.0,0.0,0.0,0.0,0.0,0.0,0.0,0.0,0.0,0.0,0.0,0.0,0.0,0.0,0.0,0.0,0.0,0.0,0.0,0.0,0.0,0.0,0.0,0.0,0.0,0.0,0.0,0.0,0.0,0.0,0.0,0.0,0.0,0.0,0.0,0.0,0.0,0.0,0.0,0.0,0.0,0.0,0.0,0.0,0.0,0.0,"['umbrella', 'person', 'boat']"
4319.800858946327,5082.528905714157,4047.389020168898,3957.6833311899686,4720.411377957847,3685.2714924125207,3471.6433041838036,4234.371350951641,3199.2314654063553,3721.731296617797,4484.459343385629,3449.3194578403627,3359.613768861455,4122.34181562929,3087.2019300840143,2873.5737418552776,3636.301788623125,2601.1619030778425,3523.574116941013,4286.302163708845,3251.16227816359,3161.4565891846714,3924.1846359525134,2889.0447504072295,2675.416562178499,3438.1446089463466,2403.0047234010613,6414.0,214.0138,temp_imgs\Paddle_Together\0046.png,00:00:07.641,6299.0,6185.0,206.37283333333335,C:\Users\Simon\git\Machine-Learning-And-Art\dataset_generator\temp_imgs\Paddle_Together\0046.png,9.0,0.0,0.0,0.0,0.0,0.0,0.0,0.0,0.0,0.0,0.0,0.0,0.0,0.0,0.0,0.0,0.0,0.0,0.0,0.0,0.0,0.0,0.0,0.0,0.0,0.0,0.0,0.0,0.0,0.0,0.0,0.0,0.0,1.0,0.0,0.0,0.0,0.0,0.0,0.0,0.0,0.0,0.0,0.0,0.0,0.0,0.0,0.0,0.0,0.0,0.0,0.0,0.0,0.0,0.0,0.0,0.0,0.0,0.0,0.0,0.0,0.0,0.0,0.0,0.0,0.0,0.0,0.0,0.0,0.0,0.0,0.0,0.0,0.0,0.0,0.0,0.0,0.0,0.0,0.0,"['kite', 'person']"
2560.1277140132074,4232.552517361132,1936.6058277606305,3916.2631949802867,5588.687998328183,3292.7413087277178,1983.4730688443067,3655.897872192226,1359.9511825917352,4343.485744062926,6015.910547410843,3719.963857810365,5699.621225029986,7372.046028377914,5076.099338777435,3766.831098894024,5439.255902241936,3143.3092126414635,1604.218508873456,3276.643312221375,980.6966226208848,2960.353989840536,4632.778793188451,2336.832103587962,1027.563863704563,2699.988667052475,404.0419774519899,6445.0,215.04816666666667,temp_imgs\Paddle_Together\0047.png,00:00:01.034,6429.0,6414.0,214.0138,C:\Users\Simon\git\Machine-Learning-And-Art\dataset_generator\temp_imgs\Paddle_Together\0047.png,1.0,0.0,0.0,0.0,0.0,0.0,0.0,0.0,0.0,0.0,0.0,0.0,0.0,0.0,0.0,0.0,0.0,0.0,0.0,0.0,0.0,0.0,0.0,0.0,0.0,0.0,0.0,0.0,0.0,0.0,0.0,0.0,0.0,0.0,0.0,0.0,0.0,0.0,0.0,0.0,0.0,0.0,0.0,0.0,0.0,0.0,0.0,0.0,0.0,0.0,0.0,0.0,0.0,0.0,0.0,0.0,0.0,0.0,0.0,0.0,0.0,0.0,0.0,0.0,0.0,0.0,0.0,0.0,0.0,0.0,0.0,0.0,0.0,0.0,0.0,0.0,0.0,0.0,0.0,0.0,['person']
3705.0424034422012,4846.72017264662,3163.2998381772773,4180.988642939819,5322.666412144222,3639.2460776749076,3052.2290032364826,4193.906772440879,2510.486437971531,3647.052262838642,4788.7300320430595,3105.3096975737285,4122.998502336262,5264.676271540642,3581.255937071326,2994.238862632919,4135.91663183731,2452.4962973679617,2794.442212684319,3936.1199818887353,2252.6996474194034,3270.388452181945,4412.06622138632,2728.6458869170137,2141.628812478563,3283.306581682958,1599.8862472136477,6538.0,218.15126666666666,temp_imgs\Paddle_Together\0048.png,00:00:03.103,6491.0,6445.0,215.04816666666667,C:\Users\Simon\git\Machine-Learning-And-Art\dataset_generator\temp_imgs\Paddle_Together\0048.png,11.0,0.0,0.0,0.0,0.0,0.0,0.0,0.0,0.0,0.0,0.0,0.0,0.0,0.0,0.0,0.0,0.0,0.0,0.0,0.0,0.0,0.0,0.0,0.0,0.0,0.0,0.0,0.0,0.0,0.0,0.0,0.0,0.0,0.0,0.0,0.0,0.0,0.0,0.0,1.0,0.0,0.0,0.0,0.0,0.0,0.0,0.0,0.0,0.0,0.0,0.0,0.0,0.0,0.0,0.0,0.0,0.0,0.0,0.0,0.0,0.0,0.0,0.0,0.0,0.0,0.0,0.0,0.0,0.0,0.0,0.0,0.0,0.0,0.0,0.0,0.0,0.0,0.0,0.0,0.0,"['bottle', 'person']"
3055.5451281721516,3990.121935013725,3659.075552983536,2865.2184874399763,3799.7952942815396,3468.748912251364,3178.156692065314,4112.733498906883,3781.687116876722,2974.9460251629016,3909.522832004453,3578.476449974288,2784.61938443073,3719.196191272295,3388.1498092421116,3097.5575890560726,4032.134395897628,3701.0880138674706,3194.5407584233612,4129.117565264919,3798.071183234752,3004.2141176911978,3938.7909245327573,3607.744542502581,3317.152322316545,4251.729129158102,3920.682747127917,6629.0,221.18763333333334,temp_imgs\Paddle_Together\0049.png,00:00:03.036,6583.0,6538.0,218.15126666666666,C:\Users\Simon\git\Machine-Learning-And-Art\dataset_generator\temp_imgs\Paddle_Together\0049.png,10.0,0.0,0.0,0.0,0.0,0.0,0.0,0.0,0.0,0.0,0.0,0.0,0.0,0.0,0.0,0.0,0.0,0.0,0.0,0.0,0.0,0.0,0.0,0.0,0.0,0.0,0.0,0.0,0.0,0.0,0.0,0.0,0.0,0.0,0.0,0.0,0.0,0.0,0.0,0.0,0.0,0.0,0.0,0.0,0.0,0.0,0.0,0.0,0.0,0.0,0.0,0.0,0.0,0.0,0.0,0.0,0.0,0.0,0.0,0.0,0.0,0.0,0.0,0.0,0.0,0.0,0.0,0.0,0.0,0.0,0.0,0.0,0.0,0.0,0.0,0.0,0.0,0.0,0.0,0.0,['person']
1864.8632785708148,3265.6273603609343,2737.965969007218,2796.6621040166274,4197.42618580675,3669.7647944529954,2713.262763631671,4114.026845421816,3586.3654540681027,2264.2672941315172,3665.0313759216374,3137.3699845679,3196.0661195773378,4596.830201367449,4069.16881001369,3112.666779192397,4513.4308609825,3985.7694696288286,2481.7667047110676,3882.530786501209,3354.8693951474825,3413.5655301569054,4814.329611947038,4286.668220593302,3330.1661897719296,4730.930271562053,4203.268880208351,6895.0,230.06316666666666,temp_imgs\Paddle_Together\0050.png,00:00:08.876,6762.0,6629.0,221.18763333333334,C:\Users\Simon\git\Machine-Learning-And-Art\dataset_generator\temp_imgs\Paddle_Together\0050.png,1.0,0.0,0.0,0.0,0.0,0.0,0.0,0.0,2.0,0.0,0.0,0.0,0.0,0.0,0.0,0.0,0.0,0.0,0.0,0.0,0.0,0.0,0.0,0.0,0.0,0.0,0.0,0.0,0.0,0.0,0.0,0.0,0.0,0.0,0.0,0.0,0.0,0.0,0.0,0.0,0.0,0.0,0.0,0.0,0.0,0.0,0.0,0.0,0.0,0.0,0.0,0.0,0.0,0.0,0.0,0.0,0.0,0.0,0.0,0.0,0.0,0.0,0.0,0.0,0.0,0.0,0.0,0.0,0.0,0.0,0.0,0.0,0.0,0.0,0.0,0.0,0.0,0.0,0.0,0.0,"['boat', 'person']"
2441.457575124312,3504.859744727365,2307.2128531164317,3633.9935565629157,4697.3957261659825,3499.7488345550487,2695.733614111781,3759.1357837148353,2561.4888921039196,3110.385113918919,4173.78728352195,2976.140391911044,4302.921095357519,5366.323264960554,4168.67637334965,3364.6611529063903,4428.0633225094325,3230.4164308985255,2485.990837191356,3549.3930067944084,2351.74611518346,3678.526818629991,4741.928988233049,3544.282096622094,2740.2668761788486,3803.669045781891,2606.022154170955,7023.0,234.3341,temp_imgs\Paddle_Together\0051.png,00:00:04.271,6959.0,6895.0,230.06316666666666,C:\Users\Simon\git\Machine-Learning-And-Art\dataset_generator\temp_imgs\Paddle_Together\0051.png,8.0,0.0,0.0,0.0,0.0,0.0,0.0,0.0,0.0,0.0,0.0,0.0,0.0,0.0,0.0,0.0,0.0,0.0,0.0,0.0,0.0,0.0,0.0,0.0,0.0,0.0,0.0,0.0,0.0,0.0,0.0,0.0,1.0,0.0,0.0,0.0,0.0,0.0,0.0,0.0,0.0,0.0,0.0,0.0,0.0,0.0,0.0,0.0,0.0,0.0,0.0,0.0,0.0,0.0,0.0,0.0,0.0,0.0,0.0,0.0,0.0,0.0,0.0,0.0,0.0,0.0,0.0,0.0,0.0,0.0,0.0,0.0,0.0,0.0,0.0,0.0,0.0,0.0,0.0,0.0,"['sports ball', 'person']"
5342.509602194793,5607.8311819487335,4688.641067065325,4096.28221986454,4361.6037996184905,3442.4136847350733,3959.892789780513,4225.214369534469,3306.0242546510517,4276.414895726145,4541.736475480106,3622.54636059668,3030.1875133959284,3295.5090931498776,2376.318978266467,2893.7980833119077,3159.1196630658624,2239.929548182445,4203.49438978908,4468.815969543033,3549.62585465962,2957.2670074588614,3222.5885872128083,2303.39847232939,2820.8775773748407,3086.1991571287845,2167.00904224537,7103.0,237.00343333333333,temp_imgs\Paddle_Together\0052.png,00:00:02.669,7063.0,7023.0,234.3341,C:\Users\Simon\git\Machine-Learning-And-Art\dataset_generator\temp_imgs\Paddle_Together\0052.png,6.0,0.0,0.0,0.0,0.0,0.0,0.0,0.0,0.0,0.0,0.0,0.0,0.0,0.0,0.0,0.0,0.0,0.0,0.0,0.0,0.0,0.0,0.0,0.0,0.0,0.0,0.0,0.0,0.0,0.0,0.0,0.0,0.0,0.0,0.0,0.0,0.0,0.0,0.0,0.0,0.0,0.0,0.0,0.0,0.0,0.0,0.0,0.0,0.0,0.0,0.0,0.0,0.0,0.0,0.0,0.0,0.0,0.0,0.0,0.0,0.0,0.0,0.0,0.0,0.0,0.0,0.0,0.0,0.0,0.0,0.0,0.0,0.0,0.0,0.0,0.0,0.0,0.0,0.0,0.0,['person']
2135.1316175840198,3482.566341949592,3190.688405564132,2587.825847693759,3935.2605720593233,3643.382635673884,3001.5500444744393,4348.98476884001,4057.106832454565,2294.494001307442,3641.9287256730117,3350.050789287576,2747.188231417192,4094.6229557827537,3802.7450193973064,3160.9124281978766,4508.347152563433,4216.469216177987,2804.2696893218485,4151.704413687419,3859.8264773019996,3256.9639194315873,4604.398643797127,4312.520707411739,3670.688116212246,5018.12284057782,4726.244904192426,7193.0,240.00643333333335,temp_imgs\Paddle_Together\0053.png,00:00:03.003,7148.0,7103.0,237.00343333333333,C:\Users\Simon\git\Machine-Learning-And-Art\dataset_generator\temp_imgs\Paddle_Together\0053.png,5.0,0.0,0.0,0.0,0.0,0.0,0.0,0.0,0.0,0.0,0.0,0.0,0.0,0.0,0.0,0.0,0.0,0.0,0.0,0.0,0.0,0.0,0.0,0.0,0.0,0.0,0.0,0.0,0.0,0.0,0.0,0.0,0.0,0.0,0.0,0.0,0.0,0.0,0.0,0.0,0.0,0.0,0.0,0.0,0.0,0.0,0.0,0.0,0.0,0.0,0.0,0.0,0.0,0.0,0.0,0.0,0.0,0.0,0.0,0.0,0.0,0.0,0.0,0.0,0.0,0.0,0.0,1.0,0.0,0.0,0.0,0.0,0.0,0.0,0.0,0.0,0.0,0.0,0.0,0.0,"['cell phone', 'person']"
4054.4357103052002,4368.936439043211,3929.2713263031515,3537.8660113383016,3852.3667400762733,3412.7016273362246,3554.5921371313375,3869.0928658693165,3429.4277531292555,3832.7361137902994,4147.236842528283,3707.571729788243,3316.166414823399,3630.6671435613825,3191.002030821339,3332.892540616432,3647.393269354431,3207.7281566143834,3509.251607510295,3823.75233624828,3384.0872235082347,2992.6819085433935,3307.1826372813844,2867.517524541331,3009.4080343364312,3323.9087630744298,2884.2436503343624,7295.0,243.40983333333332,temp_imgs\Paddle_Together\0054.png,00:00:03.403,7244.0,7193.0,240.00643333333335,C:\Users\Simon\git\Machine-Learning-And-Art\dataset_generator\temp_imgs\Paddle_Together\0054.png,7.0,0.0,0.0,0.0,0.0,0.0,0.0,0.0,0.0,0.0,0.0,0.0,0.0,0.0,0.0,0.0,0.0,0.0,0.0,0.0,0.0,0.0,0.0,0.0,0.0,0.0,0.0,0.0,0.0,0.0,0.0,0.0,0.0,0.0,0.0,0.0,0.0,0.0,0.0,0.0,0.0,0.0,0.0,0.0,0.0,0.0,0.0,0.0,0.0,0.0,0.0,0.0,0.0,0.0,0.0,0.0,0.0,0.0,0.0,0.0,0.0,0.0,0.0,0.0,0.0,0.0,0.0,0.0,0.0,0.0,0.0,0.0,0.0,0.0,0.0,0.0,0.0,0.0,0.0,0.0,['person']
4330.99957668897,4015.3679162379926,4335.95881022805,3499.819157771786,3184.187497320825,3504.7783913108788,3757.5086805555657,3441.8770201046004,3762.4679140946737,4157.207218792875,3841.5755583419223,4162.166452332019,3326.0267998757026,3010.395139424731,3330.9860334147934,3583.7163226594776,3268.0846622084996,3588.6755561985674,3561.575898598265,3245.9442381473077,3566.53513213741,2730.395479681087,2414.763819230109,2735.3547132201707,2988.0850024648716,2672.453342013899,2993.044236003949,7475.0,249.41583333333332,temp_imgs\Paddle_Together\0055.png,00:00:06.006,7385.0,7295.0,243.40983333333332,C:\Users\Simon\git\Machine-Learning-And-Art\dataset_generator\temp_imgs\Paddle_Together\0055.png,8.0,0.0,0.0,0.0,0.0,0.0,0.0,0.0,0.0,0.0,0.0,0.0,0.0,0.0,0.0,0.0,0.0,0.0,0.0,0.0,0.0,0.0,0.0,0.0,0.0,0.0,0.0,0.0,0.0,0.0,0.0,0.0,0.0,0.0,0.0,0.0,0.0,0.0,0.0,0.0,0.0,0.0,0.0,0.0,0.0,0.0,0.0,0.0,0.0,0.0,0.0,0.0,0.0,0.0,0.0,0.0,0.0,0.0,0.0,0.0,0.0,0.0,0.0,0.0,0.0,0.0,0.0,2.0,0.0,0.0,0.0,0.0,0.0,0.0,0.0,0.0,0.0,0.0,0.0,0.0,"['cell phone', 'person']"
2659.4963509516447,2950.3392355752794,2555.37220829047,3677.484592013904,3968.3274766375234,3573.3604493527323,3375.1464147162274,3665.9892993398526,3271.022272055044,2979.6906694744566,3270.5335540980764,2875.566526813285,3997.6789105366997,4288.521795160325,3893.554767875537,3695.340733239033,3986.18361786265,3591.2165905778547,2975.8874983924934,3266.7303830161227,2871.7633557313097,3993.8757394547533,4284.718624078362,3889.7515967935656,3691.5375621570556,3982.380446780695,3587.4134194958947,7598.0,253.51993333333334,temp_imgs\Paddle_Together\0056.png,00:00:04.104,7536.0,7475.0,249.41583333333332,C:\Users\Simon\git\Machine-Learning-And-Art\dataset_generator\temp_imgs\Paddle_Together\0056.png,5.0,1.0,0.0,0.0,0.0,0.0,0.0,0.0,0.0,0.0,0.0,0.0,0.0,0.0,0.0,0.0,0.0,0.0,0.0,0.0,0.0,0.0,0.0,0.0,0.0,0.0,0.0,0.0,0.0,0.0,0.0,0.0,0.0,0.0,0.0,0.0,0.0,0.0,0.0,0.0,0.0,0.0,0.0,0.0,0.0,0.0,0.0,0.0,0.0,0.0,0.0,0.0,0.0,0.0,0.0,0.0,0.0,0.0,0.0,0.0,0.0,0.0,0.0,0.0,0.0,0.0,0.0,0.0,0.0,0.0,0.0,0.0,0.0,0.0,0.0,0.0,0.0,0.0,0.0,0.0,"['bicycle', 'person']"
2837.5239385073837,4147.816497342265,2373.942429698223,4321.860915530681,5632.153474365581,3858.279406721514,2434.471946266285,3744.764505101173,1970.8904374571391,3754.304398148182,5064.596956983031,3290.722889339018,5238.641375171474,6548.933934006337,4775.059866362329,3351.252405907058,4661.544964741932,2887.6708970979007,2126.5899643132648,3436.8825231481565,1663.008455504104,3610.9269413365855,4921.219500171459,3147.3454325274256,1723.537972072189,3033.830530907085,1259.9564632630315,7649.0,255.22163333333333,temp_imgs\Paddle_Together\0057.png,00:00:01.702,7623.0,7598.0,253.51993333333334,C:\Users\Simon\git\Machine-Learning-And-Art\dataset_generator\temp_imgs\Paddle_Together\0057.png,4.0,0.0,1.0,0.0,0.0,0.0,0.0,0.0,0.0,0.0,0.0,0.0,0.0,1.0,0.0,0.0,0.0,0.0,0.0,0.0,0.0,0.0,0.0,0.0,0.0,8.0,0.0,0.0,0.0,0.0,0.0,0.0,0.0,0.0,0.0,0.0,0.0,0.0,0.0,0.0,0.0,0.0,0.0,0.0,0.0,0.0,0.0,0.0,0.0,0.0,0.0,0.0,0.0,0.0,0.0,0.0,0.0,0.0,0.0,0.0,0.0,0.0,0.0,0.0,0.0,0.0,0.0,0.0,0.0,0.0,0.0,0.0,0.0,0.0,0.0,0.0,0.0,0.0,0.0,0.0,"['umbrella', 'person', 'bench', 'car']"
754.8807227366256,3880.5142693330054,472.5322761274005,3925.849518282775,7051.48306487915,3643.5010716735364,520.1552828146437,3645.7888294110094,237.80683620541842,3990.9666361239765,7116.600182720393,3708.618189514747,7161.935431670097,10287.568978266518,6879.586985060872,3756.241196201988,6881.8747427984035,3473.892749592765,537.5230195473247,3663.1565661436966,255.17457293809997,3708.49181509347,6834.125361689845,3426.143368484227,302.7975796253428,3428.4311262217047,20.44913301611798,8331.0,277.9777,temp_imgs\Paddle_Together\0058.png,00:00:22.756,7990.0,7649.0,255.22163333333333,C:\Users\Simon\git\Machine-Learning-And-Art\dataset_generator\temp_imgs\Paddle_Together\0058.png,13.0,0.0,0.0,0.0,0.0,0.0,0.0,0.0,4.0,0.0,0.0,0.0,0.0,0.0,0.0,0.0,0.0,0.0,0.0,0.0,0.0,0.0,0.0,0.0,0.0,0.0,0.0,0.0,0.0,0.0,0.0,0.0,0.0,0.0,0.0,0.0,0.0,0.0,0.0,0.0,0.0,0.0,0.0,0.0,0.0,0.0,0.0,0.0,0.0,0.0,0.0,0.0,0.0,0.0,0.0,0.0,0.0,0.0,0.0,0.0,0.0,0.0,0.0,0.0,0.0,0.0,0.0,0.0,0.0,0.0,0.0,0.0,0.0,0.0,0.0,0.0,0.0,0.0,0.0,0.0,"['boat', 'person']"
1.936465835048011,651.3695371442057,3166.9433566959733,691.8403420781918,1341.2734133873457,3856.8472329391966,3167.6308165079317,3817.0638878170903,6332.637707368984,471.9965170610426,1121.4295883701998,3637.0034079220304,1161.9003933041831,1811.3334646133435,4326.907284165149,3637.690867733928,4287.123939043147,6802.697758594985,3418.9183840234155,4068.3514553325713,6583.925274884068,4108.822260266548,4758.255331575705,7273.829151127111,6584.612734696648,7234.0458060058845,9749.61962555705,9148.0,305.2382666666667,temp_imgs\Paddle_Together\0059.png,00:00:27.261,8739.0,8331.0,277.9777,C:\Users\Simon\git\Machine-Learning-And-Art\dataset_generator\temp_imgs\Paddle_Together\0059.png,1.0,0.0,0.0,0.0,0.0,0.0,0.0,0.0,0.0,0.0,0.0,1.0,0.0,0.0,0.0,0.0,0.0,0.0,0.0,0.0,0.0,0.0,0.0,0.0,0.0,0.0,0.0,0.0,0.0,0.0,0.0,0.0,0.0,0.0,0.0,0.0,0.0,0.0,0.0,0.0,0.0,0.0,0.0,0.0,0.0,0.0,0.0,0.0,0.0,0.0,0.0,0.0,0.0,0.0,0.0,0.0,0.0,0.0,0.0,0.0,0.0,0.0,0.0,0.0,0.0,0.0,0.0,0.0,0.0,0.0,0.0,0.0,0.0,0.0,0.0,0.0,0.0,0.0,0.0,0.0,"['stop sign', 'person']"
